社員ID	名前	部署	役職	入社日	給与
E001	高橋	開発	一般	2020-03-23	572487
E002	佐藤	総務	一般	2017-07-21	700841
E003	佐藤	人事	課長	2016-04-15	558758
E004	田中	人事	部長	2016-10-09	786520
E005	佐藤	営業	部長	2021-11-16	741445
E006	田中	営業	部長	2015-12-15	433213
E007	高橋	人事	一般	2017-10-03	519745
E008	田中	総務	部長	2017-05-23	664482
E009	高橋	総務	課長	2016-03-13	581578
E010	田中	総務	一般	2017-10-17	537169
E011	高橋	開発	一般	2023-09-02	268491
E012	佐藤	人事	一般	2015-06-13	463937
E013	高橋	開発	一般	2019-12-11	560137
E014	佐藤	開発	一般	2017-06-22	789640
E015	佐藤	総務	主任	2019-12-06	786291
E016	鈴木	総務	一般	2019-02-06	639520
E017	佐藤	人事	主任	2022-06-04	574588
E018	鈴木	総務	課長	2024-12-17	471337
E019	伊藤	開発	主任	2022-07-08	478763
E020	鈴木	総務	主任	2022-05-03	674438
